Id,SHORE-Angry,CLM-brow squint,CLM-right blow raise,CLM-left brow raise,OKAO-face up down,OKAO-right eye openness,OKAO-smile level,OKAO-left eye openness,Feat-Voiced-Unvoiced,Feat-PeakSlope,Feat-NAQ,Feat-frequency,Feat-energy-dB,Feat-energy-slope,Feat-stationarity,TRS-Elongation,TRS-Obscene count,Label
1.0,0,0.54045521251505546,0.65507973887589765,0.59547614287618089,3.7473721101018245,41.816028800572198,19.596265220342659,50.820581395569882,0.49971927234513502,0.090853797507515571,0.20596038382398327,35.985780579396796,11.97994727476873,0.016585406332522309,0.13616920753510731,1.4142135623730951,0.0,0.0
1.0,0,0.57227615711297997,0.49300664859163473,0.53202965665041224,3.2319584705802695,36.557910680635644,20.672277464168179,33.972685106322309,0.49992148077592674,0.060830640278220216,0.192917410313065,36.91726664028247,12.070599335349481,0.017306194620552155,0.13242244603880846,1.0,0.0,0.0
1.0,0,0.52091753611094049,0.62681699250124312,0.60253670705711793,3.6065782945717904,45.747683258301656,23.835834914340868,59.37405730805974,0.49986234489739467,0.094430743635157452,0.21937588426776719,34.971010853810391,11.653592548421884,0.01649679185906423,0.13639700388546316,0.79999999999999993,0.40000000000000002,0.0
1.0,0,0.57021204559147831,0.51362449700490875,0.53525174819186627,3.6540712807792564,35.992478618709391,21.764284963650795,34.806241971106694,0.49999523271501628,0.061465234780446701,0.19988934436487923,36.62078933389634,11.758038095034484,0.017081768347566386,0.13414559360131198,0.45175395145262565,0.0,1.0
1.0,0,0.54027272896643874,0.63852156481854361,0.59314605046769231,3.6760266990181969,35.47106256900728,19.448697402499359,39.728984669594347,0.49871580335055787,0.090741872542980787,0.21088418261511638,36.596654305556036,12.122278337301541,0.016759815675711144,0.13877867897178978,0.372677996249965,0.0,1.0
1.0,0,0.5758723176395274,0.49981735159207924,0.53783104708465956,3.429771260370877,41.220921308756942,23.461888029731309,36.162707546487283,0.48906441293555597,0.062415741371727687,0.15757316551491699,39.710768111432948,11.01688644554277,0.018346462948289174,0.10757416933121115,0.0,0.0,0.0
2.0,5.3081391116287051,0.92594973014279947,0.84928030863673121,0.76551377659386999,4.0733059040114235,24.134972831562227,25.411915159994642,31.181959879288861,0.4726054258787612,0.10395337095908223,0.10357335322179739,36.777796597290795,10.220827497132358,0.012881352411906423,0.11828066246444409,0.47140452079103168,0.0,0.0
2.0,10.605634115883879,4.7741000151475017,8.1783637281745651,8.1209819932672946,4.2618642084410583,39.698455407830231,22.305734950298497,38.680309611051527,0.47807958013486651,0.096664596555382037,0.10959469682617662,35.012379720432364,10.468223378732226,0.014093250500148893,0.11004380215560813,0.49487165930539345,0.6998542122237652,0.0
2.0,7.0821615517367276,0.45757513044307818,0.59107952087684446,0.58309518948452999,4.038564101261735,20.823049128309716,31.870587929939415,21.691011963483863,0.41758232721225164,0.081159497927667676,0.09696090248151229,41.940895447492537,9.4347457958580385,0.011929071845568713,0.12593468758576282,0.5,0.0,-1.0
2.0,6.4449686062320275,0.78367678640850114,0.71413068754177544,0.67411207030680986,4.0543186850567139,20.753137313026514,29.957543742492195,22.277127267795446,0.41535646201903664,0.080495680287229171,0.088867959790085965,38.782757025948328,9.000591885876144,0.013024344556829168,0.11943823568096139,0.0,0.0,0.0
2.0,4.0014708094715941,4.4224966111168156,5.4616924713288295,5.2678533064668764,4.1243630260163044,33.2208026452562,25.013537075692376,36.277051587460718,0.47478690255850858,0.10015661888350408,0.11136577491576885,36.080238393922691,10.269726090454022,0.014044595684194035,0.11510607334418423,0.0,0.0,1.0
2.0,6.5154173515827907,0.69271577004679596,0.70309411241950237,0.67818627448975433,3.9553872471905533,20.623003765008011,30.165245817473625,22.362096884990628,0.41766849581526982,0.080740249219135377,0.089480105825410008,39.061600933980692,9.0612902291640118,0.013119139673748607,0.12032159379791904,1.0,0.0,0.0
2.0,8.0825557282700942,0.40031205309647916,0.60693186200731553,0.60521493675141036,3.6649477256061371,17.962963400015649,25.934601172589286,20.340954315778472,0.37749439146457225,0.083441777226864883,0.074696405778649458,38.192482878895376,6.3232006630902884,0.012117200445675543,0.080099551456677839,0.0,0.0,1.0
2.0,9.5447764466098288,4.4823995018433154,8.8826070414708713,8.9516084184531746,12.545550024259462,82.872506729379722,41.361385944758474,81.797155646129852,0.49283226302140337,0.095977880563845694,0.13380184361922473,37.594801546080205,12.430435919366408,0.013609352272472152,0.14170071191532324,0.62360956446232352,0.0,1.0
2.0,4.2820553616748072,3.7263585013548388,2.5574272081623963,2.4372316034418717,4.2835441353034076,31.861455191462181,25.991104040175621,36.820543747031515,0.47639830172767256,0.10118358600104586,0.11687565184091531,36.342665313403089,10.620818680759065,0.013588493103538213,0.11634644750683516,0.45175395145262565,0.0,-1.0
2.0,4.3570931346628257,3.4798908798513106,2.4696766993782395,2.3545145449256473,4.3263314409016695,31.04269342405723,26.099844985736418,37.028585074912677,0.47943541480133989,0.10202055565624561,0.11827369104283336,36.846990338068885,10.682946731550848,0.013593169692415214,0.11709013801917086,0.5,0.0,0.0
2.0,4.3961192280944363,3.3109303159163814,2.4104444974127777,2.3081706991253106,4.285565473606888,30.98382045684555,25.146889895742007,36.239344625034832,0.48150190869295623,0.10221643908548109,0.11760809674769332,36.120322878026343,10.77728641635575,0.013661968108654108,0.11687602166390076,1.0,0.0,1.0
3.0,2.1705324087651858,0.56758990646788399,0.65791384304938938,0.73617658283785803,2.7517508869362728,54.081413684026607,9.0977164233556689,37.737366608817553,0.48155943090356923,0.052841509276452744,0.089054981330071808,57.677521660479506,7.1666687759794625,0.0076378706299916376,0.19415426355754903,1.0,0.0,-1.0
3.0,4.1536257167988904,0.58108720314797646,0.71817125001031112,0.76436046595128093,2.7959805378715563,53.205219785090897,9.1060726968062919,37.920983794925966,0.47781439090081201,0.052798501606921774,0.088306690189769999,57.846365755576528,7.0877324438318485,0.0078535504864330266,0.19407184813895648,0.94280904158206336,0.0,-1.0
3.0,2.6414122713652968,1.1647600635686508,1.1507152908001159,1.1611011409896113,8.3539546911308697,86.176163947729009,8.2394549812533135,72.561935245197304,0.4183718648168131,0.051636226092126265,0.094313371787601338,57.89437656740543,6.4281186454045844,0.009225365666632632,0.1741679299743864,0.47140452079103168,0.31426968052735443,-1.0
3.0,3.0485476302161403,1.09185550211555,1.1313017943944048,1.1702321818233337,9.755156625525478,98.274876096682178,8.6302618273314256,83.170284174307014,0.47467134822080065,0.057495257268307953,0.097512678885894641,53.847777035381789,6.5097388977917561,0.009199370257855331,0.16791549125790328,1.0,0.8660254037844386,-1.0
3.0,4.684194801738073,0.54459392058742284,0.71437024013824202,0.85826919515457745,4.173018143390876,53.419150154116274,8.821869609544283,39.717742814921912,0.47929820192641659,0.055797203792305239,0.091053078767331208,55.369379336080733,6.9641277949907421,0.0091399724789866417,0.18999257803959435,2.0615528128088303,1.7320508075688772,-1.0
4.0,0,0.5122499389946279,0.5122499389946279,0.54258639865002145,6.9454874500187058,75.861211889790923,27.799643038377749,82.304336620439472,0.49826086429589156,0.10409997770567715,0.14046736247491701,63.652170817862832,9.9401172067146586,0.015371631024612831,0.1130893336101159,0.0,0.0,-1.0
4.0,5.8941489384968619,0.68461026287938043,0.56788551067832038,0.57773803890839648,6.9083531069152304,59.027166594120644,27.443788290277642,65.421199555263925,0.49086842880367931,0.10713073308402948,0.14127715564734891,72.787327867945933,10.876033380427961,0.017014376230806556,0.11497562185532342,0.5,0.5,-1.0
4.0,4.0359792985417782,1.303952605603754,0.95802968010358214,1.0516076891681199,9.1773416430189929,102.38103664434632,33.04411026401673,105.29738048937733,0.49248484475570375,0.10394834291457836,0.13945327485627304,75.087310611554287,13.191810386299467,0.015037493906750835,0.15143705160759319,0.79999999999999993,0.0,-1.0
4.0,3.084539671920969,1.5005738674168596,1.9676903942435477,2.0174256859756361,11.398592420303622,126.22404288785951,29.594149350153735,111.60085787348271,0.47183759217765253,0.097677342936701952,0.13133744274869003,81.303347269657493,12.838664250887627,0.013699417317370774,0.16455646664149631,0.4330127018922193,0.0,-1.0
4.0,5.3663240036666942,1.2628448874038627,0.76789581865812828,0.93350897509029962,6.7271785026325821,100.51983948466051,25.691350123082721,101.6994140500102,0.495035921463582,0.10075392870396434,0.13871702972339053,74.994995720211008,12.209069054948333,0.016682118097756927,0.13053688523790943,0.40000000000000002,0.0,-1.0
4.0,4.6294042741499695,1.3494813818648996,0.76707235643060434,0.91651513899116799,8.8487908778544426,103.77666597072773,32.904230731016945,103.90858434219955,0.49991834142303665,0.11005134085610012,0.13772632768326976,69.712793420973881,11.676782422961965,0.015826461190988145,0.12115987924325436,0.372677996249965,0.0,0.0
4.0,3.4636201339516295,1.5082406945495794,1.8929533701734018,1.9776301014384396,11.256876976259546,116.71214047776746,30.863048697195559,111.67154992886596,0.49069030382846074,0.10103872785674838,0.12997398850868827,77.424547811448392,13.330966366730941,0.014424276096513233,0.15561210442382509,0.69597054535375269,0.0,1.0
4.0,3.1532669195755978,1.5286574308672922,1.9307061212684349,2.0126686634601247,11.526550515694362,125.3856536058951,29.872783141521186,111.18630887336111,0.47698983309749299,0.098712344064351587,0.13220960997924927,81.478815087504287,12.929913321717263,0.013939499336086195,0.16311340840813113,1.0657403385139377,0.0,1.0
5.0,0,1.515861665506421,1.1096188256551289,1.0822118668170708,5.0880640515074047,106.05573008080106,2.8897390394248981,89.547959852477717,0.49363196884030625,0.067670252619091653,0.1716261713829027,53.791843643882451,4.5932373804922628,0.010025388916514857,0.087179520552915196,0.0,0.0,0.0
5.0,0,1.9052992650122442,1.7720796537845607,1.7900603023736568,13.402110601807063,129.89390062178251,6.550064879991341,90.000613020396031,0.49906787853214313,0.085802190756223515,0.1757843506748753,54.800840674984222,4.9292918833983341,0.010874722071393539,0.12624577517266733,0.4330127018922193,0.0,0.0
5.0,0,2.1036227274651615,1.8612691220882829,1.884927140553605,12.930036981560038,119.94975303348571,6.5084498508386011,90.018699603765981,0.4998922988312165,0.083223347294610853,0.18522770968992902,55.404774440420539,4.7831479536099621,0.010707718399832162,0.1352335270873779,0.74535599249993001,0.0,0.0
5.0,0,1.901252347146045,1.8694646183289143,1.9312151192279676,12.952432851561303,125.87040466223671,5.8698737960320999,90.351918180342921,0.4974328056519513,0.084681707384724331,0.18763346180936571,52.976582550567727,4.9328354512304244,0.01038749828503222,0.13343421035725034,0.0,0.0,1.0
6.0,0,0.62904829914272098,0.99995286909388215,1.0206649787146735,6.2246781453765099,113.38780028656956,28.757434378606725,104.32044417552923,0.41088046721750571,0.10975937102915666,0.077802304043186457,51.244548215336536,10.993449471278723,0.015133569298886953,0.085877268665472795,0.0,0.0,0.0
6.0,0,0.58618324413333545,1.1534391491993654,1.1636639963538302,4.8706407955325135,125.98384520033912,26.165826408827854,86.615406759392584,0.41698137962864751,0.10014539353267551,0.090298232548525981,42.900131311522038,10.457524666506581,0.016046885823664876,0.082540778311318494,0.89442719099991586,0.0,-1.0
6.0,0,0.59114646884215838,1.0400011578951602,1.062454114798639,5.0318250671745002,108.82801704567166,22.840285326117243,73.234988156970189,0.45622123220359095,0.10820684641520403,0.085068899171115958,42.005724182907862,11.021750793373331,0.016248117834007654,0.095396392881446468,1.0679400113155211,0.0,-1.0
6.0,0,0.62576483814054396,1.0292628848684868,1.0538236179205109,6.3347988816337573,123.15596445821312,29.067447857411057,116.6324682627493,0.39893223008298534,0.11439270839620498,0.079844878625356164,54.448501392214233,11.204343146362108,0.014630282299202062,0.075381626420058356,0.47140452079103168,0.0,-1.0
6.0,0,0.63741721794390771,0.93379537755506614,0.94909053140075705,4.7405760569369475,99.429357097860375,21.067930053430008,65.048782186836974,0.46424463574426467,0.10361232202758096,0.078848697713637284,39.848456032990683,11.353001670896459,0.015662243551532572,0.10751283328263697,1.569146972791976,0.33993463423951892,1.0
7.0,28.763153151884346,2.4860457893832431,5.2627111417019101,5.1868660340258073,23.23625123912008,99.826168109091995,18.420450243806982,85.286307580998226,0.46767161384462785,0.077709797768408306,0.15967401433050121,107.71901301622862,6.2458304907305893,0.012041030439509057,0.13813531191674269,0.0,0.0,-1.0
7.0,28.943918772071921,2.1259821440674194,4.3031063589915535,4.4190354031910521,22.650138094740843,114.70841947998798,21.539636158171074,73.53207374601881,0.46462368955868355,0.077232838510668866,0.15406291596536831,111.00569560519594,6.6657534339821316,0.011798189453317389,0.14305400690927245,0.5,0.0,-1.0
7.0,26.068583340019636,3.6532153903978926,5.916926984516107,5.9755971057876573,21.364444509914996,83.313689080270819,22.449389259442807,80.802078012377876,0.49513589869153629,0.075533880336417156,0.14876925600480936,97.096930009375527,6.6092716019857747,0.012462212716182492,0.14114705339919451,0.0,0.8660254037844386,0.0
7.0,27.46414418794679,3.9513040808919966,6.4724479397694301,6.5387308813664324,22.936793539167645,86.049290953911708,23.333955558057163,79.291040464919959,0.47920845968470543,0.079273409500050809,0.15533589028747269,100.45665127923186,6.3454740683114483,0.011888172627017326,0.14281023527049377,0.82915619758884995,0.0,0.0
7.0,24.722937124030622,3.1562455067369108,5.2494100778493271,5.2492392822052318,18.15598821695972,83.569809429737418,22.191497658351132,77.125167370311473,0.49999960043520592,0.079484901937092331,0.13937224649816896,89.72311572178954,7.0484825647065064,0.012188545734298072,0.13801340338713541,0.74535599249993001,0.0,-1.0
7.0,26.612960027774239,4.0173816286661346,6.5514231117579831,6.5471638459560477,22.975438994297541,93.160915521298904,21.091377184760791,83.204698548831374,0.48275647550534673,0.081688370486348083,0.15547988452781669,104.53267990622099,6.5328313674048824,0.012008879253629007,0.14654472124607051,0.0,0.0,-1.0
7.0,23.580317755370356,2.96257401797611,4.9420251237335808,4.948203963532908,17.105644895718097,81.048127469386969,24.439056978062322,75.290504576105079,0.4979110733126913,0.077743211278494664,0.13395805943057132,85.786939029152492,7.4130227600799357,0.01244529997289266,0.13802628671137265,1.1547005383792515,0.372677996249965,1.0
8.0,30.603072378957531,0.89880613525308672,3.5457618542014768,3.7355312784372754,5.3333708187840685,74.731967655210155,4.6760821148303924,68.689311055557951,0.47301310586088152,0.10670379640229329,0.10107487116229077,60.508011992396717,12.529747708244726,0.018305592796479444,0.13231528760978831,1.6393596310755001,0.0,1.0
8.0,23.380273201996591,1.0330260679880527,4.5849106747778201,4.766714237905429,6.1376804652269019,88.103365204745216,3.3385253395981866,84.159518236393794,0.47769322477789067,0.10851535584148631,0.10650863016402605,55.888143958791289,11.172723902273921,0.017940290135062303,0.11139267893069899,1.2206555615733705,0.0,1.0
8.0,31.12701550595429,0.90610279332522947,3.6088161379656634,3.8056873082899774,5.2285376686852043,77.389933004828919,4.8388218031745858,71.136501591493044,0.47227663678497733,0.10199633479028283,0.10094056056268381,60.925986375956768,12.142409408987072,0.017769866413275076,0.13013986511557055,1.2247448713915889,0.0,1.0
8.0,32.460859687681022,0.94592283316409964,3.8460174793656106,4.0527398995163377,5.3971450363282996,65.262226134651669,5.1423345170082149,56.531663937259331,0.4311382570880658,0.1010626932884937,0.097991141560436978,56.176827741155023,10.456676641553386,0.018636087613559237,0.091483425444772962,0.82915619758884995,0.0,1.0
9.0,0,1.8074145636362151,2.6876881924935421,2.4225654850616039,8.832332632712717,113.93971691101129,10.790274684838701,102.6594708486749,0.49758009749496745,0.10016542282896454,0.097611928514883151,62.156406810242764,9.8986104100861159,0.015020835140914603,0.14202249317680782,0.79056941504209488,0.0,-1.0
9.0,0,2.2037944576031134,3.0620399862945877,2.7021011897300333,9.4100570181166567,113.60912909116024,6.3436693753532731,85.069388789247441,0.4973593205314687,0.10910409580581916,0.096929760590777833,60.630253592501148,8.9374258706070364,0.014908695870337925,0.12781894327914364,1.0,0.0,0.0
9.0,0,1.9711818456223678,2.5148903373390494,2.261683556475071,7.835350369926104,127.92590220278524,10.560831567224355,118.42286456583386,0.49588575670096813,0.1014076328310282,0.097562841641340589,63.341711318277802,9.9783010052010646,0.016088359129967946,0.13980877782191736,1.6413036132965799,0.0,-1.0
10.0,0,0.84732591394792789,1.1663100780311537,1.163383672602373,6.3602855686028512,127.11803781821195,12.579047601600328,140.85968295986567,0.4991956012155257,0.078663553836446284,0.14424912342295845,60.553387972353669,8.0786715096430584,0.013314422171730959,0.1476802962061888,0.48989794855663565,0.0,0.0
10.0,0,0.82465992991050574,1.1199999999999999,1.1304087756205716,7.0289148336693534,121.81091998157378,12.154419228310578,136.50743632245019,0.49942734084196538,0.08042817286105787,0.14325775299033403,59.330984328044622,7.8796604675768194,0.013265729384871193,0.14611578429048702,0.5,0.0,0.0
10.0,0,0.84342995914864227,0.6132441406718665,0.67157953095942535,4.0226184962130018,150.67904157519627,1.4707313230461527,174.84168099234461,0.44536177141512323,0.052202438383091798,0.1166862888507257,67.916599908703191,6.9951933340148393,0.010733103020799177,0.15223296629585176,0.0,0.0,0.0
10.0,0,0.82815023288867362,1.0727819739448869,1.0854095271508859,6.8273419199298102,116.48888606461439,11.696952367370747,130.72698433574431,0.49990552778973174,0.077529126581611124,0.14198365642479546,57.507522405782211,7.9061985867925726,0.013274446882399121,0.14373830748991664,1.6248076809271921,0.0,1.0
10.0,0,0.8163117486489736,0.91859715510310236,0.93713683172532947,4.4921338622626878,142.93173936745364,11.699690268406297,161.86199823775016,0.48201095606733596,0.079884492595524145,0.13063047081590878,62.269394791019138,8.2735305450707983,0.012328274647622451,0.17056012525338962,0.0,0.0,0.0
10.0,0,0.78981833492986275,0.61749511669166823,0.67944892378251542,4.0502685028545304,151.3244908597627,1.4955497656493972,177.40066202463467,0.45607959813913296,0.052942540165011834,0.11961669563751054,68.624705279397915,7.1450213033944667,0.010689083033237175,0.154113487856297,1.4142135623730951,0.0,1.0
10.0,0,0.83332179124047434,1.0935310920625345,1.1183242992205555,6.5596823950563445,115.6327918173136,11.219939928027753,125.88607627231698,0.49998462106298841,0.07591903694128084,0.14084006528393114,57.239005347573489,7.6688015521079453,0.013126155945728295,0.14202062203422408,0.80000000000000004,0.0,1.0
10.0,0,0.81321668840754935,1.2073036144385405,1.2328157768620513,6.3938903579929027,125.33557571492774,10.736575266019727,126.76426695706733,0.49965935499053321,0.078350822668790593,0.13776617724174245,58.921791511250291,7.5530865547221309,0.01309584487280049,0.13943980042193582,0.4330127018922193,0.0,1.0
10.0,0,0.624926031125843,0.47418569253607512,0.61538461538461542,3.2852548467788649,36.896625140323636,1.3888823142513684,55.833331861403032,0.29354352395090366,0.012571966964030377,0.14684498898351675,85.873796683948356,1.5651963372890441,0.0094178034512086041,0.19063175306457716,0.0,0.0,0.0
11.0,0,1.2189707413910094,1.9558055584983545,1.9987041401357828,13.126126560707567,110.60068333025384,41.095094662173558,112.43706040263093,0.48104569292083466,0.17092561141529927,0.10767051977664613,61.926914610162122,13.228249955616064,0.024617684439473628,0.1098210719392738,0.80000000000000016,0.0,-1.0
11.0,0,1.2200565815910904,2.1092049864203539,2.1441862330674835,7.8726207478479724,89.81072947052418,7.227877595316067,106.01483541806647,0.49924468974068337,0.18819083160773314,0.10965378613064433,61.994348986906019,12.18768574083798,0.0231386872155043,0.1046041667601916,0.47140452079103168,0.0,-1.0
11.0,0,1.1533540133496476,1.8479530717947241,1.8610362524101016,10.624418002296276,112.31121324490195,35.604349897912044,113.38986388182389,0.49068477799356619,0.1653610372157272,0.10707740770477574,58.596800743625217,13.036165597632872,0.025956172129879572,0.10503725932378354,0.5,0.0,-1.0
11.0,0,1.2785414979346932,1.9994158057035387,2.0066477940318057,9.0688722255575165,102.21765526973138,34.816080081735308,110.91794347456285,0.49814612151288268,0.1582867428185174,0.11033881311863507,51.535963315040028,13.121860128709978,0.026017028093995243,0.10855733870295045,0.94207218407083859,0.0,0.0
11.0,0,1.199454730379647,2.0091833870933056,2.0474724239312017,9.6115547928434406,98.983101281231299,22.307161797405364,106.41256716675464,0.49323123848862549,0.18429279761905082,0.11003713809907126,62.793535589146792,11.996636960673072,0.022313700280264387,0.10142986935180198,0.0,0.0,1.0
12.0,10.285358221763596,0.49607837082461076,0.4330127018922193,0.46351240544347894,3.437611745854301,81.701300436864486,0.22329687826943606,187.91717395152571,0.46388866471403145,0.084980393897450032,0.084885045038682772,60.259846110334998,6.1017488763304177,0.013134058193335327,0.091639075044536666,0.0,0.0,0.0
12.0,5.1108355903999474,0.42975732457363808,0.48989794855663565,0.48989794855663565,5.7634865990802631,73.159376165927313,0.24944382578492941,200.19830169109827,0.49865374314804412,0.070764432710144778,0.096623247046047134,60.746965539212091,9.1551562782577456,0.012444401606242907,0.12606000100835396,0.5,0.0,-1.0
12.0,5.6746803982143978,0.44034738238635557,0.47441464150841967,0.48237638894272,5.3135091513410462,69.932912054094047,0.26965659910419998,178.61564648421779,0.49996484745745123,0.072314237280730692,0.098594654447468608,61.222741126117839,9.3206755010851339,0.013027810981851722,0.12124737011872769,0.0,0.0,-1.0
12.0,3.6396285825803441,0.48290388186686295,0.48290388186686295,0.51969296740368365,4.9998628239070237,76.580592225603368,0.21666578734301539,161.82366904388797,0.49980777428403145,0.071334997398372207,0.095908775462577339,60.1835174046887,9.0415968602358383,0.012944171475343406,0.12141106458243915,0.74535599249993001,0.0,-1.0
12.0,7.7577029819113035,0.48412291827592713,0.45452967144315476,0.4545296714431547,3.3374973990834644,81.511885636390474,0.33071891388307384,170.47897699488411,0.46114406068628555,0.082057226269417333,0.092038761329712365,56.848611354145909,6.5571201684530838,0.013629904872933977,0.092249754349679025,0.0,0.0,0.0
12.0,5.4111709901254272,0.42943455760143934,0.48166872336906102,0.49265877748107695,5.7810537954872609,74.321831797507926,0.260416542732471,187.72170473737512,0.49849653454266779,0.070849005632622614,0.097004116435474561,61.144538319055606,9.283910011090212,0.0128812299355823,0.12490409156567102,0.0,0.0,-1.0
12.0,3.7710088714056464,0.46983081766729279,0.48879409528965023,0.52152424164753708,5.1248099755326111,76.476228812665724,0.22329687826943606,166.96141912980772,0.49972105187325333,0.071240470653361462,0.095917283197390193,60.790608673625741,8.3474639073396482,0.013208486534888335,0.11811162545247192,1.2247448713915889,0.0,1.0
12.0,4.9782609129545969,0.43604045812594033,0.49442340589881922,0.48611317697003681,5.6493268286603211,75.638618067969958,0.24444947432076722,197.49937854822548,0.49813624407966167,0.070250025089781967,0.096845121109918386,59.865655446324027,9.0990121992899553,0.012687103441198952,0.125472308759976,0.5,0.0,0.0
12.0,3.8870102362185301,0.46064233199380555,0.49300664859163473,0.52411006289203355,5.0578253451678439,76.201892332551225,0.22906142364542559,170.5685069051128,0.49758724173798419,0.070307761874435534,0.097193773539389405,60.128323976722648,8.4634147897483007,0.013323572177046604,0.11749167263446882,0.5,0.0,1.0
12.0,2.9385545205488039,0.49553562491061681,0.53229064742237708,0.60184900284225962,4.9183330509431755,100.51661001490693,0.19982631347136337,144.41055262110638,0.49335427179664715,0.073653442370293018,0.09298490272463536,59.341383904910742,9.5574744647314525,0.013037472260463569,0.1396709298155876,1.7320508075688772,0.0,-1.0
13.0,0,0.97681455080617363,1.7425237125757824,1.781385228784985,5.4671883680785518,74.184162713347888,6.6679515012844837,109.09987195671926,0.48381977964653405,0.096807747890154186,0.088201659341530916,42.523519821016485,12.921942652736252,0.021058499351049479,0.096452540217044191,0.0,0.0,1.0
13.0,0,1.0342180309021616,1.6194154880758518,1.6424324577952434,6.468286798936032,81.631239657000947,10.72014324795281,106.17748479749714,0.49422746758485125,0.094190963867738398,0.088000530172538408,43.367193718680383,11.827688002478579,0.019927792176697271,0.087314630929101161,0.48989794855663565,0.0,0.0
13.0,0,1.0740635829338039,1.458564556426533,1.5090602254985932,8.9244311533960072,74.091098413468274,28.416255785838331,91.358124383113278,0.49962233045223853,0.091220789638125091,0.10190769257505553,42.509143123023144,12.764061998317629,0.021143147604954476,0.11411944013720698,1.0657403385139377,0.0,0.0
13.0,0,1.0592300669458741,1.4372844493375454,1.4652084033005022,9.2061936769468069,70.795287417275986,15.98759441877761,91.256932486546404,0.49503366311286318,0.095913508621846,0.093220123556101972,42.730517017695313,11.974530455473232,0.020763848901405934,0.096006419329465228,0.0,0.0,0.0
13.0,0,1.0073261052672771,1.6122905969018526,1.6473214076400524,4.8877539226422293,68.45452232173983,6.5183398442593887,98.793885609940617,0.49679502111602436,0.10476533269056679,0.096343696797735912,41.971373807413833,13.709207855332792,0.02170201460745343,0.10882932066774388,0.0,0.0,0.0
13.0,0,0.99631975852358268,1.5907898179514348,1.623802541529465,4.8306842376708534,68.155847818340092,6.5087695943744288,97.556246465768638,0.49587383604650564,0.1054178310254506,0.095629141581041716,41.739286267457139,13.59402513421602,0.021517230619879004,0.10791745873186412,0.5,0.0,0.0
13.0,0,1.0322320358129053,1.3972397773825624,1.4253704573303005,8.8647193219683906,67.728498802256482,15.407374052928406,87.428413160616287,0.49662799103421557,0.09403803415893458,0.095081756345424193,42.96691315936048,12.388167524362739,0.020309689267381772,0.10023143406512548,0.47140452079103168,0.0,0.0
13.0,0,1.0720989033139467,1.4592782067644401,1.4885088066271961,9.1270020469540523,72.531062650058132,16.127529800556776,93.639892975470275,0.49478519769363566,0.096319448762025153,0.093775016720894347,43.081686097329751,11.908659360639209,0.019939840503477219,0.0966084408505168,1.2247448713915889,0.0,-1.0
14.0,0,0.0,0.0,0.0,0.79999999999999993,25.436980952935432,0.40000000000000008,6.0860496218811759,0.15806189751202507,0.020756012102419678,0.092617024204358578,97.996726051928789,1.0473656298810594,0.007001926273927931,0.2080062796066949,0.0,0.0,0.0
14.0,0,0.83857610062725363,1.9262962606906078,1.7074997966487597,3.5752233807445126,67.74326990398346,33.978395459831404,70.676603075007947,0.49694540147784555,0.061191545027499843,0.076035903168600413,81.91199432683463,9.3479475025075072,0.015116499838232732,0.17629463846642518,0.0,0.0,0.0
14.0,12.812448148809223,0.97872976718211246,2.4184805530753826,2.3927624859351901,6.2693527537232487,107.88297136700461,25.509802037648196,83.903420374960191,0.49566491696981918,0.058247410199864562,0.073088349461027574,69.469067367113155,9.1231814743020045,0.015049018081805497,0.15047063975550454,0.70710678118654757,0.0,1.0
14.0,12.812448148809223,0.97872976718211246,2.4184805530753826,2.3927624859351901,6.2693527537232487,107.88297136700461,25.509802037648196,83.903420374960191,0.49597917887463294,0.058350383855162169,0.073138787547290113,69.554551202734302,9.108980325176292,0.015078739812694581,0.15046481891912769,0.66666666666666663,0.0,1.0
14.0,0.82007303542036636,0.85695682505013049,2.0897435395819484,1.9361623097756857,3.9122632288010184,67.173207426163358,32.10072139026645,70.788559028177104,0.49991288129922085,0.060757728350038454,0.072986365669001255,77.947714715271374,9.5058084696936511,0.015671423302430581,0.16808725218810436,0.0,0.0,0.0
14.0,0,0.97125348562223113,2.1406125810669763,1.7461067804945061,3.8512624192882812,69.157180072321893,36.522991236875562,68.555419592877968,0.44077752986989666,0.061704154363642121,0.081178095117766913,87.16079656433206,8.3843255960011689,0.013224892513896422,0.18230256933228359,0.0,0.0,0.0
14.0,0,0.87873674047391781,2.0442827703087598,1.8855199122369137,3.5066427116315588,67.35680199883457,33.294765971038494,68.863445267626901,0.49972382182804426,0.059004043544541161,0.07432298670450467,79.485418332740636,9.5912182868264804,0.015464064233344997,0.17179885082128832,0.0,0.0,1.0
15.0,0,0.45812284729085118,1.938084838056934,1.9404721329525534,2.8722813232690143,83.739012546257214,2.5633937766798507,54.144069360490256,0.4353531713078525,0.056323053306210347,0.093413804375985357,50.00421172801525,4.9402057335568843,0.010612559071546627,0.039125549651740719,0.0,0.0,1.0
15.0,6.1951284753685583,0.85506639856408873,2.0130745479992709,1.9872708778216757,6.1375012280499543,78.781626524344432,9.0211965100009941,79.041012557237238,0.43676439476030132,0.060910594623057826,0.07287947925468985,50.363140848841454,5.748714019500877,0.01154328808058112,0.047404613508759137,0.0,0.0,-1.0
15.0,0,0.78026277203604821,1.7956042461550357,1.7533662561311549,4.7130688252431971,71.315017280218356,6.7859157232092375,59.731824526591161,0.46312228247052645,0.06019278424204326,0.079342313249799207,46.948138956504863,5.3324417769051022,0.012043249938935057,0.036244485983112952,0.5,0.0,1.0
15.0,0,0.53201362911195615,1.8837162994395398,1.8737465459945302,2.7207913398657473,70.95737460931322,5.2666662276022072,50.888362031200444,0.45369495195647902,0.063291924126005095,0.079344425608800062,46.858790763224356,5.2492457854054262,0.011987803860544086,0.034188727706344034,0.5,0.0,-1.0
15.0,6.00653861315838,0.86517091378476874,2.0253570070279365,1.9906400802239672,6.1956214258192865,79.533132911820033,8.9375504301966142,72.641748290322397,0.4409625272782946,0.061589427285008665,0.073890557585747516,50.884860344873346,5.674090726280415,0.011656153492132006,0.047927377757536929,0.0,0.0,0.0
15.0,10.254634076964074,0.82999562261738102,2.2359441779217133,2.2830502270209356,10.495052418972898,72.734196136773818,18.176501147641854,80.421112400579077,0.46492931766513118,0.064209130985813073,0.070632826422693223,44.264514708065363,7.04101612912687,0.013110874971566627,0.058076121956400745,1.0671873729054748,0.74535599249993001,-1.0
15.0,8.3177309668863426,0.7788286872934207,2.1860740005968626,2.2394113161914566,9.5943297066374935,77.101053564865808,18.294921556801921,80.538625840749845,0.44719679301892451,0.064506257476820497,0.068603003625820697,44.389832232677179,6.4304943698176444,0.013243765514654126,0.058966401412327576,0.5,0.8660254037844386,-1.0
16.0,0,5.793825878834812,5.4647674847930352,5.7438380320295757,14.388268557119142,84.853633276811408,15.665875152310338,97.209854481755301,0.49175190865059043,0.11235917913613913,0.12759906868913942,40.414005612447994,11.142318458125251,0.015885630170400313,0.10266177755697817,0.5,0.0,-1.0
16.0,0,11.970838933240733,5.1137058357711682,5.1709863898570836,15.066309034953923,96.733941806287419,13.397110881572068,84.996097959863604,0.47355141902178338,0.11763862899156395,0.12981250298887079,35.291445837056258,10.2976509405144,0.015217590303838931,0.10229555397350049,1.299038105676658,0.0,-1.0
16.0,0,1.6364609788037698,1.4946996300685245,1.4182164392224219,15.040624172558593,84.394703563287919,14.503817648376129,85.68384772255331,0.4953597481076199,0.095970148987706061,0.13340173201710878,46.778496713089702,12.097197563664695,0.014870703094754066,0.10228258734536338,1.0,0.0,-1.0
16.0,0,6.4318651174359136,6.6873013989201953,6.8616292202038691,14.544092093402083,91.243785295250007,15.553524755068446,94.116280516713587,0.48412291827592713,0.10859154877164928,0.12165854325883088,38.374038630227211,11.059490806088066,0.01561597149300362,0.10116715344770139,0.82915619758884995,0.0,0.0
16.0,0,11.50858018313501,5.250417818562866,5.330673895117358,15.291042687372459,99.811665850131746,13.174925690523768,89.535482887706522,0.45857699518852618,0.11493272497583727,0.12682843989342485,33.202894735871311,9.6188723457730241,0.015167747890923181,0.09718858987387137,0.6454972243679028,0.0,-1.0
17.0,10.682173531681029,1.5100756038450684,1.835499494397308,1.8741663773194863,4.3717975908142339,130.18383437230798,14.085903512597826,154.91453499207057,0.49344554720992817,0.10912658712397923,0.066883046302143576,37.539145561991958,17.423393956195703,0.022529853578859935,0.1476794069114705,0.72843135908468348,0.0,-1.0
17.0,5.4613846380210296,1.5628400864459771,1.8039736660091026,1.6504395224557455,2.341462999834043,100.49032444032834,5.8843271597056006,126.43777529048889,0.47060216619907702,0.080950542136577805,0.065794600877219292,39.543424642188398,12.70055939553831,0.024601808520033058,0.092568293780417893,0.0,0.0,-1.0
17.0,6.0741468879725549,0.98464668072998462,1.9438089802757246,1.7684523806748886,2.5475077857324302,101.38527119007827,6.4613252889632404,134.68477937732374,0.41456524664844668,0.084021145280199702,0.05999229089752172,35.950336366345297,10.391426256987598,0.025381483713578411,0.048921065090193644,0.0,0.0,-1.0
17.0,5.5712352351869603,1.5078503741702884,1.8035706979787407,1.8870648270960411,4.113694886344021,136.1278886672433,3.8809206804968164,153.46676773764833,0.49408223903627241,0.092185185618881019,0.06815473425270957,38.218463558008814,18.239705141582345,0.023386075134546536,0.15497233537081881,1.5,0.0,-1.0
17.0,6.2056975919290931,1.6458238058795971,1.9053776528552027,1.9599836734013882,4.0530587005925218,96.610570426398908,4.1467708347791667,103.90718959181002,0.49544896261493276,0.090059645598740426,0.066984532420501397,39.657492557855086,19.041408825919724,0.023616269094536534,0.16519801761921526,1.2247448713915889,0.0,1.0
18.0,0,1.4035033571478828,2.7216552697590868,2.7261875880856219,7.2299531272493196,154.55041967662922,5.4695114549249784,128.65537515220868,0.49652773576865095,0.027639320995247608,0.080080533065732581,74.594953280894643,9.101508870586084,0.016273974186563379,0.16184817502742976,0.0,0.0,-1.0
18.0,6.8333867708439531,1.5702882959378466,3.4497064801405131,3.4112990612976071,8.6515904385119491,134.40013705692905,10.030049233322169,113.54836054476968,0.49910278423259491,0.048442421116694369,0.07487912680404854,68.074414144025852,9.6816951993145572,0.014010926752765869,0.16760289494384928,0.92702481088695787,0.0,1.0
18.0,7.32745994349093,1.6516264173490345,3.6272799400258049,3.5887397863926926,8.9269246664234831,141.55240872553179,10.630221070137724,116.57643645265539,0.49989491478251302,0.048591993364627648,0.074044012864829409,68.615025594850721,9.7078754759861177,0.014394330095619185,0.16452293116006816,0.80000000000000016,0.0,1.0
18.0,0,1.3239164006275386,4.0309205330784614,3.9865401058546004,10.348166376054941,159.60600227603919,13.654042713209591,130.21133166856541,0.49949535532430617,0.047631067793024201,0.081074316200941049,70.860676415842022,9.0616070232574781,0.013730243713403662,0.16067761818684032,1.0,0.0,1.0
18.0,0,1.5053091229231141,4.1987087962319505,4.1217903337694839,9.9495611618311788,150.6148594016413,12.646591955489141,128.87115564631881,0.49655490377292366,0.044734709104541054,0.078407904138680026,72.140369066986992,8.8668385894150425,0.01296823158990513,0.16241686701413618,1.299038105676658,0.4330127018922193,1.0
18.0,0,1.3957853471267609,4.1332818926840176,4.0661960869200531,10.850814038092084,166.67767082129876,14.302562909671954,137.53320260279631,0.49850264682235024,0.046607232064802988,0.083963415837538344,75.093565529944044,8.9982506551341519,0.014540190346489406,0.160702823449063,1.2133516482134197,0.0,1.0
19.0,17.242334786221143,0.98298827898081964,1.0413564291191058,1.1001961251624814,6.8175099882637138,58.972324480495303,9.568599367611716,54.452545999540533,0.49644986826357324,0.074799943423017601,0.14392606446478953,49.163231166505497,2.2815214242726678,0.0050658733515021081,0.13970115831655608,0.38569460791993493,0.0,1.0
19.0,10.325491161855886,0.35183531466107726,0.48879409528965023,0.62607248701949048,6.6127945111380413,68.248571819501564,12.570659017889412,57.644374931287409,0.45067993767729719,0.074799276147362134,0.159258908306667,54.520076236900351,2.1099487954633731,0.0052088409373761959,0.13959489238320705,0.5,0.0,1.0
19.0,3.8089690327183039,0.38721767267367913,0.49149365627723657,0.65178446623148223,6.9487922897230332,64.901809666288841,13.964970754114212,46.898554195973212,0.39447483237939523,0.067312175915190453,0.18824980028486721,60.81045512936965,0.99707651339267711,0.0021416410448013884,0.14216389568193069,2.0,0.5,1.0
19.0,3.9728495308645568,0.37495561867550592,0.49278822701682973,0.61075179203936025,6.7959960366511041,61.23701939495993,13.056454569183771,53.635005790564122,0.43234550519203374,0.076008107864758923,0.16970833107811845,56.622017988273491,1.1021363858284214,0.0021301798019004764,0.14262366433196086,1.0,0.0,1.0
19.0,20.794225617612216,0.98694481030792702,1.1001764329387127,1.1587810136086973,7.3074067465397734,59.909978345606952,11.972744825324883,55.28306453264954,0.49536598483759919,0.077940067782701281,0.14436070098353759,50.46623522216094,2.1943708245695062,0.0049280455945587788,0.14002343240332607,0.0,0.0,-1.0
19.0,12.748071784957482,0.65583650994571641,0.66314899495224511,0.76477221655201133,6.4987979657779791,61.622805660478775,10.818864982343241,55.434579655011163,0.4678459139118939,0.082522037767634837,0.15574310263441118,49.225435773531871,2.0188059566909962,0.0052619255192203939,0.14291293163490248,0.4330127018922193,0.0,1.0
19.0,13.115366151472479,0.31851843440459693,0.49902248195847848,0.61015352690031144,6.4415103473917945,62.766818484006073,12.019876478381779,54.505207089106527,0.4794877298023657,0.081608959444544132,0.14972122496431861,49.372196475385891,2.3236596183545983,0.0057394143504052517,0.13609286126949202,0.94280904158206336,0.0,0.0
21.0,0,1.2420849407347307,2.2844638320621322,2.2969327373695556,6.0658130962422359,43.503861406125289,22.763418289270188,75.773107661509712,0.46574860676079521,0.087562632473725935,0.14849961455061891,51.186679635580319,11.511698282656283,0.03271610362102377,0.14892695741757583,0.40000000000000002,0.0,1.0
21.0,0,0.55405108039613693,1.1048809267654773,1.0241024954273699,2.657219472748404,36.020532002930139,21.114450133861769,37.634120444197656,0.1863798276178126,0.072527261768427692,0.16709210903842725,61.640084854513965,14.831315612862774,0.057972624857684549,0.1646580439103823,0.0,0.0,0.0
21.0,0,0.61190597068324726,2.1169133721549112,2.0137260779489239,4.3163110709357495,40.801245636417661,22.871612759517866,48.788789293155467,0.39857792781655865,0.073956947387750466,0.15646081150175559,55.605437188205073,13.278270726298446,0.043068796630482777,0.16426463814700612,0.40000000000000002,0.0,0.0
21.0,0,0.64694199232773208,2.1411923947742197,2.0348929241535476,4.3160407133687659,40.71329194620953,22.829782443296931,49.901179913358639,0.39612031001170367,0.079015706750945172,0.15864311367113762,55.277686577711954,13.210478994528595,0.042744616753432746,0.16500258839119147,0.4330127018922193,0.0,1.0
21.0,0,1.1460060531844813,2.3297891193712177,2.3253696691419843,6.0260642556500459,44.279533497733006,23.246867735334416,78.017031807587472,0.46088121594433523,0.084903122441958107,0.14876927651402114,50.610247857609004,11.954531595358263,0.034073225783625892,0.15339849105124584,0.0,0.0,-1.0
21.0,0,0.70733336846475581,2.1974658421157107,2.0946932095684065,5.3048411079221038,46.242223434869253,21.897614566365032,72.6990077264158,0.41703556279113818,0.080995835193795412,0.15654220622957032,53.87046078956233,12.844919094664682,0.039825729112037522,0.16170122735142975,0.4330127018922193,0.0,1.0
22.0,15.522854515971629,1.1740975458913394,1.4957076865940686,1.5827341116138283,5.2305443951041015,112.44293453082629,0.53465258016390604,146.45531896369181,0.49064619486117439,0.095140197818242164,0.10384800065566584,57.683265386060995,11.55342231200305,0.018956705480916838,0.14176081168221819,0.4330127018922193,0.0,0.0
22.0,32.798880518476636,1.2918514940311836,1.7290657718042421,1.7830327448369332,6.0643242135984581,120.8308015190082,1.1365088664592615,142.33136712228313,0.48154897583934508,0.090523326176240121,0.099103604042542856,53.141866068297205,10.925373258741786,0.01832851136884675,0.12428584727261993,0.4330127018922193,0.0,-1.0
22.0,17.802561302445657,1.2200512320299544,1.4490176256840064,1.5330839261083151,5.1684936341530872,112.02949303145266,0.50867347943222474,144.89458343439216,0.49434299833212975,0.093208755180743397,0.10328541095311651,58.371579818911492,11.170956704088608,0.019120571997154154,0.13714769723850323,0.82915619758884995,0.0,1.0
22.0,36.053670376452594,1.3050183882662412,1.6389083897702068,1.6928266249821691,5.7316463156399413,122.0627207661779,0.94846140619835295,139.45440335113966,0.4760711701758909,0.087170519680472,0.095063266695477655,51.900266512820288,10.851998481000114,0.018248028278266045,0.12001086782481445,0.6454972243679028,0.0,1.0
23.0,36.573979498153612,1.227262335243029,2.7715980642769935,2.7967255005411649,4.5510682506662352,87.400457664705627,33.329999833316663,127.23687882580793,0.49210241373592678,0.097902581125736104,0.11649432650721391,72.299877381692369,8.458221696885575,0.014321966475956576,0.10079344186523791,0.5,0.0,1.0
23.0,27.546184779718001,1.1178398687746927,2.4491353349475991,2.4608038433722337,5.1705294699866089,110.77680262582054,32.746335407780961,131.00556438298932,0.49991210164887989,0.097073806294641851,0.14068793949890482,70.24079114185983,8.6947283820646657,0.014775249165685355,0.11526039967450498,0.5,0.0,-1.0
23.0,22.004624395658841,1.3394312090282281,2.8970428272390354,2.9785704769516199,5.045316186276251,125.42732851826601,31.131214148039035,118.4255048476159,0.49018841569258087,0.093717358436615814,0.12736090430539837,65.438707247020687,8.4472103639927916,0.015312435905326677,0.1043263872220051,0.47140452079103168,0.0,0.0
23.0,20.66996132307445,1.2723350836540481,2.8836342105731463,2.9962857894159489,5.1398179473456018,127.96932631085582,31.07067094218894,124.98062165581385,0.49454329261228885,0.092571466762510393,0.1248104400384656,68.373915477935199,8.6925193190048748,0.015080441803618151,0.10450801120786447,1.2133516482134197,0.0,-1.0
23.0,20.66996132307445,1.2723350836540481,2.8836342105731463,2.9962857894159489,5.1398179473456018,127.96932631085582,31.07067094218894,124.98062165581385,0.49340319417099499,0.092611092174152837,0.12468384932373205,67.994508340931986,8.6709874128111402,0.015134778852087871,0.10491159500784202,0.5,0.0,0.0
23.0,18.601076167847818,1.1876006939048434,2.7264617638984046,2.8157719063467179,5.6104900723591715,123.95961394610896,33.149014206415593,130.734273147414,0.49361479746798986,0.098664335526675515,0.13005075213377895,65.902366064302583,9.1762963885804165,0.01497992335376514,0.11273237299058426,1.7853571071357126,0.0,1.0
23.0,19.851163225700073,1.2409673645990853,2.8449253065766067,2.9406631905065228,5.2599999999999998,128.03284109946168,30.589514543385615,127.58615716448237,0.49733347562374064,0.093762631284992001,0.1254916395095341,68.965915569094818,8.763560185167437,0.014870223035376655,0.1060818266144862,0.88063057185271099,0.0,0.0
23.0,25.394949501970121,1.0665444888875504,2.3227272178185405,2.332818873326346,5.09404019829429,112.50097393268409,33.45764884324614,134.58757303263482,0.49956336021821129,0.096670645402566438,0.14026578119735858,70.100229628453221,8.4510629510144817,0.015084039285222015,0.11402060573717486,0.5,0.0,0.0
24.0,3.8609945442990812,2.5762258813545409,2.1713857906179639,1.9765774224467432,9.3790693647483145,163.32433103168981,28.127188544013489,114.90898366477587,0.4996902023249345,0.13424022170616565,0.12275810000933347,42.024500265522008,16.893124306755279,0.018401081647808931,0.10703554319134462,0.40000000000000002,0.0,0.0
24.0,1.4307057375397143,1.4847846772912465,2.1494900284049114,1.9203069377570301,8.862831857982421,157.62481338756052,23.084912961912035,122.34727747386619,0.4946902352790844,0.12632365160717557,0.12667880675080445,44.16806855808202,17.872553678645659,0.018409977574316814,0.11269807271986618,0.5,0.0,0.0
24.0,3.4524657640970502,2.3899348018977076,2.1193622361680173,1.9646369588419594,9.2589511637599937,189.95988559517133,26.082201167020816,104.50051760889446,0.49939768635349469,0.13793875446636397,0.11987341709441225,41.798602764611303,15.855878463714381,0.019071949133011686,0.10301933412504662,0.0,0.0,0.0
24.0,1.4945005073699122,1.502126057567909,2.1791565940599815,1.9431589493655239,7.6606847525242872,160.58887758964977,18.190326108304532,126.2578786195777,0.49853735517292941,0.11981241519233903,0.11959913114984799,44.837411661721717,18.437029889959284,0.018414967066857458,0.1130898306417744,0.5,0.0,0.0
24.0,0,0.73702773119008891,1.7786456215091249,1.799348304522405,4.4192094049395179,226.08913635523197,4.6889400902069731,168.61345815176259,0.0,0.028876081141813364,0.0,66.963135205777135,3.8235860278815905,0.013559163438774049,0.15095403867405865,0.0,0.0,1.0
24.0,0,1.6221930885892304,2.3473352208171905,2.0715290581811518,6.0770665530704999,195.18452691570218,13.38702032806107,142.55922502315752,0.39337022139147698,0.10478912842002142,0.12954154322440201,54.174710457580005,14.918400395418562,0.017206909632305017,0.12447056906454367,0.0,0.0,0.0
24.0,0,1.6100931650062986,2.3705695518166094,2.0900717691026784,7.0138147986786139,179.87995381346283,13.993403009745954,135.37823852788489,0.41417550662965663,0.10094933813939895,0.12610117109120017,50.843015234450185,16.284235803367601,0.019968520522389975,0.1237881999868299,2.0,0.0,1.0
24.0,3.4135874480238697,2.3670115091027686,2.0896242467140875,1.9368068696904475,9.1750197631569694,188.49330889981215,25.859097665981412,103.67499966508588,0.49885053310739413,0.14053211277124214,0.12006080369833413,41.646905643463697,15.714248863376419,0.018876576514454731,0.11028346102164517,0.0,0.0,0.0
24.0,3.6456845480532656,2.2009764925280675,2.6177749403262656,2.4045869848048986,9.0506761752382303,194.68593051874632,26.80264692313369,114.61312822272033,0.49960437602299113,0.13758305406882126,0.11851100907936629,40.590760737243848,15.45199860327396,0.019070489314740556,0.10701322462348335,0.88063057185271088,0.0,1.0
25.0,18.447149433509296,0.83266639978645307,4.7151057487846675,4.7309853331227121,7.4633305671802352,159.98722942862321,1.9309052441091961,127.88904575721628,0.45741345739485756,0.091085117248611097,0.1068158329306505,32.649825181794,8.5645259572981089,0.014495171994185933,0.080226032184094687,0.0,0.0,1.0
25.0,10.112409623940618,3.1594538061727522,5.6855640580375688,5.7613885505286939,7.1664036113117158,150.60324911056625,1.8993000606069617,122.98566454758264,0.46759116015548835,0.10072611642754142,0.11276074197982135,31.391439898719693,7.9042715026035548,0.014797784201259954,0.079964574754942189,1.5,0.0,1.0
25.0,28.195570755415702,2.2509207680450727,3.9885353361132232,4.0844495466378907,7.2970506117113461,150.95335249807866,2.4229817978867354,144.67412131199254,0.48177584686395647,0.09285397247291545,0.10515120373289737,38.719626385676747,18.52934774312326,0.015306476188209439,0.14146570895186436,0.6403124237432849,0.0,1.0
25.0,19.706661208840018,2.7021530025066953,5.7973184389122618,5.8318928262528846,7.5861839828669817,152.07530358077105,2.0194803064249767,127.06980244683452,0.46641937909700087,0.090597035381194707,0.10768610332806101,31.504596111116353,7.6940832972754505,0.014709831834287855,0.080189866873519269,0.47140452079103168,0.0,1.0
25.0,25.328854097911222,2.1896214214466818,5.2874174459691954,5.4116776780135964,8.1728768042116364,156.35366684476085,3.0491077998732146,126.28677902424162,0.4534084686879708,0.09322213611300581,0.094878974451995751,31.474324718592189,8.9137292779225863,0.015347332500136706,0.071553980701030209,0.0,0.0,0.0
25.0,27.030883060922271,2.0854329217009422,4.967902515313888,5.0853475831599999,7.7722152748782252,156.53602317497689,2.8844179173966942,124.44678121029352,0.44536177141512329,0.095810280602879383,0.094859613653641942,32.19071684647129,8.5501299902623895,0.014547469256579491,0.068622804621197464,0.40000000000000008,0.0,0.0
25.0,17.510800589189241,2.43145161161776,5.3747043765882623,5.4549375536257205,7.5206822268345306,161.99161288359375,1.9409463483756393,127.10217143491717,0.45486401128959197,0.093232156359057683,0.10431671679192428,31.329223234008843,8.9418532807555628,0.016020260579587154,0.07779049743676536,0.47140452079103168,0.0,1.0
26.0,7.4990327802990686,1.6275123148106974,9.8589080263428119,9.8827225456661942,4.5554492931129928,109.78135477675248,37.206358087650898,102.69759930119804,0.48607750194997484,0.087343456797240829,0.086102784199244442,85.353549875652845,9.1877934950042199,0.016495575460110122,0.10043136218474935,0.4330127018922193,0.0,1.0
26.0,8.7116400673828664,1.7258910432900876,10.852935029299241,10.909438630937371,5.1310953773065275,92.417548800074044,38.350524356157287,99.788469246637035,0.49239411469564914,0.081029272216260523,0.084150135936093176,92.970987798369762,9.3491783264639707,0.016188984167621087,0.10742841330152525,1.2247448713915889,0.0,-1.0
26.0,8.4003545628298912,1.6926450539198277,10.751945416911965,10.809681299488826,4.9706535242902037,92.304131402729539,38.227900686989557,99.340272362421587,0.48756031651856635,0.07959260441626903,0.084792851718334089,90.736372163944324,9.1968513065244011,0.01583973120431496,0.10589264410892681,0.4330127018922193,0.0,-1.0
26.0,10.821460841411303,1.6595787144472132,9.251888909549832,9.3524566040897295,5.1104203585613597,99.406838041250637,36.162073644639811,97.179178246998518,0.48754119873009533,0.08850902480683856,0.086672954072117309,91.235246851360841,9.7781099938188305,0.016062415183943107,0.11601134078232232,0.9035079029052514,0.0,1.0
27.0,0,0.92486317951708208,1.3520339743396224,1.3382099181832299,5.163247212225909,104.86792227692864,14.954707536462616,86.070549142004182,0.33261936066635794,0.088043225044576234,0.16264813105521847,60.387335284685904,7.5436505626496482,0.011523503782194014,0.16290902435605403,1.5,0.0,0.0
27.0,0,1.0774188955325861,1.513933132239023,1.4785587422676005,5.8172360372793497,125.29756217860626,29.270047901545876,106.50949228068112,0.32327045151200329,0.088012496090977763,0.15340581919202603,61.430331336553728,7.4151374397059184,0.012242706466114911,0.14087120187457372,1.2133516482134197,0.0,1.0
27.0,0,1.0755238667766904,1.6889456459539134,1.6606429861297729,5.1518752331858986,139.69421670398924,21.959455296046471,121.06801865265108,0.34322482567970236,0.088804145833449769,0.16468080093076962,68.773111999386444,7.9660392533539612,0.011625722076886492,0.15511141557430649,0.76376261582597338,0.0,0.0
27.0,0,1.2781490665264514,1.5908958387998282,1.6563406436720414,5.0840397660614114,157.72720696003651,17.841133391648807,135.37469706112114,0.32184326711435979,0.093105659200787172,0.17471429228165225,65.419075246074058,8.0253930017677586,0.011452439522995428,0.17402738558057473,0.5,0.0,1.0
28.0,17.379858480448927,1.8408935028645437,1.7646952443851476,1.9092928810309737,11.837065058061208,59.616962666685083,34.938084412382523,64.978735468248928,0.38264814946476555,0.05931186756252628,0.061521524223594234,78.029460951133601,10.422335854830617,0.022182701694632111,0.073155488571893842,0.0,0.0,-1.0
28.0,15.687635179358974,1.7795803048687031,1.7395809590942644,1.9084173757872873,11.511932512134287,60.2237742346747,32.864915344103871,63.021506590464874,0.39006567280451532,0.066042173346926566,0.062898582024849201,76.918620741646833,10.380520766088742,0.021870130024074657,0.071079109305224569,0.0,0.5,-1.0
28.0,15.022367807164336,1.9488124133649209,1.664811590882312,1.8205922698445554,11.435855569398536,62.739948841737551,32.330067070779009,64.775696401397582,0.37665846775435802,0.070851115826421812,0.060771763971059184,73.888026550277559,10.197198333374841,0.021365032537371771,0.078068828484670977,0.5,0.0,-1.0
28.0,20.300070484557548,2.2749333930024025,1.6801268884871132,1.7887790982684684,9.5528806021047039,67.862320456797121,28.280994067328098,62.262238283294757,0.42741173228750418,0.071541466665499945,0.070488779963522014,72.365075377592717,11.413806692165791,0.021601635022252506,0.072347450962314111,0.0,0.0,-1.0
28.0,15.114577863771123,2.221726341796054,1.520358031354011,1.6727071012664305,10.948118634306487,60.958800091881521,31.202135115841475,63.87837332200553,0.40904452088332971,0.07405528247352279,0.064692374821198731,72.808094768890953,10.25930673041664,0.020462559979097919,0.077206278157911604,1.5,1.0,-1.0
28.0,20.522946244831491,2.2358490566037732,1.6847746573762961,1.7998852856923504,9.6267935638502014,62.580589332313721,28.517803021327527,59.058916986201076,0.43139702718230272,0.071088004728331475,0.07133997159605622,73.354590300879451,11.534843540117581,0.021768665438981309,0.072719810013823979,1.6393596310755001,0.4330127018922193,0.0
28.0,20.438707125488584,2.466842052885863,1.8112044367124671,1.9492422838201964,8.9688564868096865,70.185033626173663,26.410662495437435,61.259338396591097,0.43333803037574375,0.072330027050338863,0.072833312921404006,71.077056451958711,11.236581891608497,0.020861051686285943,0.0787012179236318,0.0,0.0,-1.0
28.0,19.042899592671002,2.4364309796026125,1.633286407766843,1.7116551245230804,8.2197895248056341,88.51496686110157,26.347893603374402,79.101647501354748,0.44799659374089806,0.069719185306577336,0.07694842433224304,70.058254682255793,11.317437804453238,0.020795247695475926,0.076482935353331338,0.74833147735478833,0.48989794855663565,-1.0
28.0,15.197591212773244,2.2239802382067726,1.5294608504622296,1.6820297841027696,11.002663029921438,61.203930378285349,31.2681847090617,63.568996718132972,0.39831106457860094,0.074688888253680488,0.064103541014624232,71.282094536842607,9.9689431363908323,0.020505386105337337,0.077811377776594179,0.0,0.0,-1.0
28.0,20.565284197584624,2.371185834918327,1.7443634346126926,1.8924698450265891,9.2852930307377299,69.324894819009032,27.516944274795886,63.271627834985317,0.43008720046055782,0.07243853931706104,0.071670709152717102,72.21410111605627,11.455316175191324,0.021462613196841025,0.080258400320274273,0.0,1.0,-1.0
29.0,25.16618273185242,1.6186924628403625,4.2323430003636604,4.2862069767959046,7.6376261582597333,121.49160350502507,11.865203561488338,109.61275777329328,0.40073342027504566,0.077675879177381002,0.084777937238808873,81.723155027606964,17.129914551566792,0.032467442945688429,0.10072035716223547,0.5,0.0,-1.0
29.0,28.146362616364051,1.8160498018523203,4.6374827527415139,4.6654909144625689,8.6018222879735067,134.64109292787774,13.012038358345251,121.52332201434356,0.42469124587279594,0.085012323845453874,0.090269106113937861,92.678000395618412,18.990342932675489,0.036550564576415291,0.11027570528122455,0.0,0.0,-1.0
29.0,22.810194788391303,2.8397873689834707,3.7111016001323907,3.7933694542726784,9.6897799736371724,112.98161060959212,13.645670959593742,111.61356044406074,0.46702488680792931,0.088178227335953624,0.08013596080857284,77.355039962413798,13.673506785524664,0.024040640975315573,0.096339498207357835,0.5,0.0,0.0
29.0,29.182532481177788,2.5315003827302553,3.6534045806526394,3.828093447694346,8.6392467044822467,107.21984995822942,12.1982620484895,106.63980848779507,0.43936912217650981,0.085337716450983273,0.074578059823877704,69.443964090543432,12.579682582716828,0.022337024893139747,0.092525999012728261,0.74535599249993001,0.372677996249965,-1.0
29.0,27.688156048008832,2.7426109225000257,3.5563546910939245,3.6391328969158563,9.2315794551421746,110.42847397150187,13.073673739204622,107.62527537771025,0.45186719030468625,0.087666503216019223,0.079470527537979133,73.403989180191616,13.19054859751863,0.023043752838967708,0.094714172447079165,0.72843135908468348,0.0,1.0
29.0,27.898944254967454,2.7192531609600552,3.5378556784303998,3.6277657513817423,9.0676804767709243,108.92615685997114,12.896845420721656,105.9039212516619,0.44750283788019019,0.087041302429785458,0.078278251385312289,72.210996637636853,13.085789859868067,0.022960470448040386,0.094062087695354554,0.6998542122237652,0.0,-1.0
30.0,8.5207079400951784,3.1231839233559979,4.5630407919497902,4.5078550023583466,9.3295163460177619,64.045414383752288,20.692026158304962,69.342406558277048,0.49317136279348661,0.12962278985251072,0.12358826520629697,48.844425985233862,9.4908692495033264,0.018354977722419296,0.061810793573517382,0.0,0.0,1.0
30.0,8.9314997225336477,4.3628766873271534,3.8489906202401767,4.0022614210362129,12.853927326401775,75.329883253820441,21.913141488526783,74.044661387882215,0.49982024264442038,0.11832249391768515,0.097576621718876905,55.16233642332292,9.6420349771815665,0.017038586865206401,0.086522928590817672,0.69597054535375269,0.69597054535375269,-1.0
30.0,8.8455299873753326,4.3559249040532286,3.829902876125816,3.9882891890353922,12.881170607247531,74.719113905367308,21.760885785002621,73.719319663952248,0.49961838464315694,0.1184492969138617,0.10182824936269225,54.777270314512123,9.6045589594304026,0.01726824673337676,0.086860145741912309,1.4624940645653537,0.76376261582597338,-1.0
30.0,9.3268429121904752,4.6784552778649333,4.0011901890555119,4.0879635524203444,11.315294323193827,76.697007804647029,22.537032745440772,72.567781069753693,0.49994110404455383,0.12216056441002893,0.10021521942276181,56.765188332154075,9.8263025053511779,0.017333361472262328,0.082366863724778666,0.5,0.0,-1.0
31.0,13.587840117674171,0.5168586432893012,2.4342790073683593,2.3793327824825004,5.2939490024492049,125.29372508432225,34.734658893234418,145.7525736405272,0.46562875502449236,0.09847514104858851,0.095565840282612946,59.265518464418946,10.345157008104605,0.023083582042144855,0.06818743237895411,0.0,0.0,0.0
31.0,12.976274214949965,0.53846153846153855,2.4473415382543608,2.3875085839968779,5.1812639755138825,128.66511327510651,34.286471532916806,152.59562107091975,0.46657376174428566,0.098160580131113506,0.09620276632910052,59.088640962428073,10.367743671655315,0.023126514108478574,0.067599738586890154,1.0,0.0,1.0
31.0,14.982062855747792,0.51838953028872092,2.3062238078904782,2.1571025839466791,5.5835721756049912,125.69613648678751,35.245836987795784,129.05609948126232,0.47710378587873042,0.096593279329329165,0.099757056011015269,60.952701987782028,10.108995293101009,0.022811462901279052,0.072031666125840679,1.299038105676658,0.0,1.0
31.0,5.2969330749028725,0.46915570882125235,1.8876851288672536,1.7665677036323726,5.0990195135927845,99.467469623917196,35.031675986557175,98.601674952258492,0.4842740641587841,0.085757804928984438,0.10223446257199709,66.933684661341417,10.042148863800453,0.0215354903062242,0.074542849194998595,0.5,0.0,1.0
31.0,10.870820243848195,0.52965321249871034,2.4753246540316978,2.4963621491265719,4.7200907846466382,121.03385953137753,35.459227628074359,142.92584954929515,0.46420049424497356,0.096778135851513486,0.094256064778322768,57.233881922541102,10.678310483767728,0.022314370933635044,0.076328429212908278,0.70710678118654757,0.0,1.0
32.0,8.8972590184164506,2.8026833247690695,1.4338292384798361,1.4563319352108874,6.1668877126965844,65.371194105554139,4.7145303534491001,58.011173911519812,0.47435306688932338,0.096644719489030168,0.11795266093713282,34.064045514831143,8.5323955681572521,0.012489484845162768,0.14775009220379087,0.4330127018922193,0.0,1.0
32.0,9.1342491174355356,2.8355405386821086,1.4582428734888477,1.4771310422770905,5.7972605938982138,67.692288381681621,4.408278754146596,58.832915781187388,0.4737430495561461,0.099168632794828626,0.12031930807631167,33.949141427495604,8.1159013152585793,0.011944871834998731,0.1440750970851683,2.0,0.0,-1.0
32.0,9.037449928456164,1.7015029993354125,0.93321541107088857,1.0017286097603764,6.4134340784170139,75.292042423148104,1.5927903091299029,60.251094765283931,0.49468835378430992,0.10615096083017653,0.11656160907239782,37.392468556758708,7.8710151051204109,0.012145773354597419,0.15022787515344269,0.0,0.0,-1.0
32.0,6.6893000263817628,2.4818250115509359,3.2405748408125592,3.183780475289371,6.5577540350060977,50.959423430120872,4.9352706431948024,49.914575488609728,0.44566607540039882,0.085337466565064551,0.10996759771001816,31.237387570190318,8.3910479025957017,0.01280621034361999,0.13410066174352167,0.5,0.0,-1.0
32.0,8.077279800749249,2.6315290583015503,2.4471905887574055,2.4112864990573697,6.6344604229528299,60.315262500780292,4.6113086700557462,54.177061463946849,0.47047934630947369,0.092187973514966118,0.11321054588928452,33.422157017779632,8.721701910592488,0.012554692086892283,0.14213778371299812,0.5,0.0,-1.0
32.0,7.0051541982990635,2.340862373017321,3.2925322027602126,3.2458403911274747,6.7840729304119316,52.595125279986313,5.0296619245674741,48.267919649677182,0.45243560822481083,0.086631809934071144,0.11011491084354451,32.057487913957438,8.5983379348379039,0.012681014920269127,0.13640760948079325,0.5,0.0,-1.0
33.0,6.0205541221858354,0.71197823971384677,1.1699208252824098,1.1366981059917223,4.2013644513907922,75.113661445099055,3.0090503071528243,91.611251257089648,0.49900268762113259,0.08716306532716632,0.20229779314005641,30.353375801245551,9.087221027650255,0.015063903071869488,0.16963256403985649,0.48412291827592713,0.33071891388307384,-1.0
33.0,6.5962080726353669,0.7024843236440983,1.2167033085411945,1.1913900078864321,4.3503844717415037,76.949434548502467,3.2928776261090076,91.728104032724772,0.49994818282679121,0.0817783069084798,0.19135902683649142,31.045996190558466,9.0965700168736898,0.014368561728366583,0.17782460117159662,0.72843135908468348,1.1605769149479943,-1.0
33.0,4.7858015727001595,0.8867053069638281,1.0361908415224952,1.0325287901455042,3.9389423805412989,80.902897201161807,2.4488795402392678,87.129789370977264,0.49893553989254352,0.086368662001851101,0.19780298824426748,29.703069435310113,8.8497008634700478,0.015326398971400413,0.16256968814230102,0.69102000732180779,0.91507936388847322,-1.0
33.0,4.9753974051167997,1.2382548683151073,1.3926883557076444,1.3954271227601251,3.8948771517482919,84.579776605260392,2.270644273232969,93.935956407669821,0.49948320399627061,0.085083969577693472,0.19817629032839884,30.161083387132575,8.860784758116413,0.015348420759826228,0.16319157925332778,0.40000000000000002,0.47696960070847283,-1.0
33.0,0,0.75717041334530255,0.5869499047312613,0.62912021263514339,4.2904110014627639,70.448912764248504,5.2582235771576613,98.031117173343375,0.49100254121607451,0.0759097285836772,0.16507335600775724,35.712820845676951,8.897006589881105,0.015579922698283811,0.17479982819234985,0.4330127018922193,0.0,-1.0
34.0,5.53428352816666,1.9751481152980916,5.1148484113390866,5.3890128992026236,8.7970456019127781,95.213875152461767,19.565080288386635,121.10101545453612,0.47349125083096733,0.10935482250277451,0.12449440219971897,58.600183999826072,10.029878015430862,0.014012041046991351,0.099749894756625615,0.0,0.0,-1.0
34.0,5.8930041634965482,1.9703138527150164,4.9759314737184503,5.2221362659289916,8.9810901641355425,94.690051369123239,19.459109765214627,119.84978140006596,0.47703881475073368,0.11051551540178822,0.12575040723089281,59.324069508743811,10.237461945232852,0.013949102239662333,0.10029700651513669,1.0,0.0,-1.0
34.0,5.9734769214095271,1.9830114966077037,4.9409297517985031,5.190688795051682,9.0440033412052525,95.340427204196672,19.426324940414666,120.22600149143261,0.47776402627863729,0.11088094449061923,0.12613626958794225,59.429664356125905,10.243773033491685,0.013994170879837297,0.10040111758742687,0.8660254037844386,0.0,-1.0
34.0,5.3778279222730934,2.0146169950564596,5.1316256547457471,5.3788615987578794,9.801308682037666,95.972742201842252,19.513621227025059,123.44380826221963,0.4700079549374041,0.11261889395554438,0.1241184791957253,58.355705745109574,9.9590430801424059,0.0139507452497513,0.098849698110291789,0.4330127018922193,0.0,0.0
34.0,8.5457503050265906,2.2449552334066709,4.8160149501429084,4.9666487695426982,8.6504866930555995,89.773495327712766,16.829857298289109,116.76080505944088,0.47359542340918348,0.10478393477568802,0.11770528479807812,55.124177795998385,9.4085446695279042,0.013119198485709962,0.095421913062207847,1.299038105676658,0.0,1.0
35.0,0,3.3608247422680413,1.0761227505731867,1.0452611839700268,4.705518037368468,57.965075692178644,0.0,27.156382306927409,0.41836389025727572,0.092248121999178478,0.084164224300850049,31.081401770154002,6.7302736098655958,0.015142450825233578,0.093047849476192476,0.0,0.0,0.0
35.0,0,2.4530362011611277,1.3517160075391617,1.3611467952323342,4.7490714897139386,60.870609251694638,0.099828689802976628,40.580532334141687,0.47292172524438558,0.092625014043733453,0.090321918379668076,28.774628002572811,7.6870110290469125,0.017101128388312757,0.099120690324172214,1.1180339887498949,0.33071891388307384,-1.0
35.0,0,2.4781469517465471,1.1840270889538909,1.1789696410962656,4.4288000660622764,56.707211992576788,0.10100988630033723,37.982661328737684,0.47548577841572559,0.093004701958373306,0.091019319692461839,28.97431100591723,7.6581477873874935,0.01702297137840118,0.099448461535414825,0.5,0.0,-1.0
35.0,0,3.3440670801418353,1.1044553741665517,1.0872436550433848,5.149705000407387,75.033318502246274,0.0,39.637603040041981,0.42518945494537053,0.090029323211060344,0.083045671583117153,31.20782845365196,6.8315848444001102,0.015362863989453102,0.090674555546305435,0.5,0.0,1.0
35.0,0,3.1326957363814651,1.0446528982230618,1.0126677989373312,4.9612552778326204,71.237836357946051,0.0,40.693949336215063,0.44028317095119274,0.086465833500749531,0.080732675937237014,31.675190638515694,6.8704989994712458,0.016032728946060414,0.08751115709205326,1.5,0.0,-1.0
35.0,0,2.659915623137985,1.0174016509018611,1.0210873246565564,4.1913800257755938,59.228087612192219,0.0,36.824397227831852,0.47322066913882871,0.092158917018143785,0.084563569874357841,29.870947909039959,7.4049700317407554,0.016786815767430349,0.094884884965365235,2.0,0.5,-1.0
36.0,9.8415167143926254,1.7965244223221681,1.2736648783028535,1.5036067748362045,2.6116779430099215,27.568380820484187,10.718082807469591,41.028783166491216,0.47484235078493958,0.099094215640820507,0.077131878225508349,67.747718936849196,9.0693410392616975,0.017470941914292278,0.089688927406876867,0.5,0.0,-1.0
36.0,11.527068181824728,2.6000050573965887,3.0511264295108571,3.2051851846787041,3.4361738205799837,35.730223091047463,9.3158786098131259,57.500262825470415,0.48412291827592713,0.096718083214569997,0.084950442514368507,64.725016522778574,8.8362211872776442,0.016645192812964182,0.088474601012487927,0.0,0.0,-1.0
36.0,0.15713484026367722,0.63996097218008718,0.55711443366212843,0.65274724934963679,1.4148627309004549,21.530724197787109,0.0,25.798790555432024,0.45825756949558405,0.10617845330300567,0.068523441320621173,52.763877176472512,6.530905745869295,0.014218624349783011,0.09430690101929784,0.0,0.0,0.0
36.0,1.5390090164890091,1.5986105077709065,1.0049789245993614,1.2686114456365274,1.9454362549881252,24.275616481472834,8.2802475808395979,34.370523698447705,0.46249324319388707,0.10190473681370082,0.071784810794009724,49.134044968840087,7.0699974901268527,0.014430089467150731,0.09195788412948179,0.0,0.0,-1.0
36.0,1.6741979499181703,0.85191459495477961,0.54972817900412907,0.64160714331540991,1.5456565383175473,24.45479263473425,0.0,32.914848768943948,0.45408428348294499,0.10262522007542753,0.064279733363861252,50.070825986066851,6.4788077444841532,0.014865990706337387,0.093954801028521356,0.5,0.0,-1.0
36.0,8.9365374382708218,2.3409299071498659,2.4318039282225485,2.5444604738300787,3.9254806536788012,38.912516495521594,7.3665941712002345,51.303770774597233,0.49561130528805603,0.10466110432670377,0.086823249594606591,59.671181465922231,8.8300608471861661,0.01503696982813949,0.098601354629658411,2.4874685927665499,0.0,-1.0
36.0,11.340584348308271,1.5510843314616345,1.1791928882793496,1.3835198105252062,3.5451449456898678,38.107311978669784,9.1680744911913248,64.017921649764389,0.47938947357172507,0.093697085255719931,0.075110975674646224,63.231635912937939,8.3777903281138997,0.016381224644963457,0.092436531169168626,0.8660254037844386,0.0,-1.0
36.0,10.487926040348682,2.5912071768904745,2.7116920878321413,2.8389362076808071,3.5295217512881409,39.633333258946109,8.2997387253769332,56.065646298618574,0.48537858196299727,0.10011757412029321,0.083027139913097653,61.435775475318088,8.3975078832463446,0.016102307943184364,0.087726961086930427,0.82915619758884995,0.0,-1.0
36.0,10.455750706539694,2.5920718672708429,2.7045715760490237,2.8307521782623151,3.542089622238088,39.515389700715922,8.2732689354399902,55.93410335328786,0.48633075004228637,0.10036297840958414,0.083397277213753285,61.397764631322545,8.3828608927235404,0.016071263488776088,0.088461114632024149,0.76376261582597338,0.0,-1.0
37.0,7.890405557563299,2.220921283945239,1.5105740332848976,1.5317290137704833,4.8389773708300821,62.719816768879539,3.4039352770695874,50.549587971675116,0.49950423441915354,0.062464774051390407,0.12643949817049399,59.912727292543607,7.8326403267509566,0.014903379598759019,0.13871360240913899,0.30000000000000004,0.0,0.0
37.0,8.0075488053350306,2.2451783791984301,1.5118081698803774,1.5307962647715867,4.9475326927754741,63.947314842612755,3.4658263074845594,51.373088358580432,0.49907096279138224,0.062022249700898702,0.12728409608902913,60.19760801318106,7.8799668778388705,0.014872590813289954,0.13946985170942158,0.40000000000000002,0.0,-1.0
37.0,6.7369811064531389,1.6791826695954859,1.3337174988969387,1.4167217763964726,4.3083898819649473,57.205239648770402,4.8146813955725687,48.822893691383427,0.49974074352163433,0.064807043497212544,0.12404981696478236,57.139085860555745,8.1847758899235004,0.015559239191605878,0.13976874151091148,1.5360257159305635,0.0,0.0
37.0,7.8062513047371809,2.3850241491531894,1.5264292589500752,1.5048891514077347,5.1671932979568229,65.781362096294842,3.7108128927691544,47.655045930588535,0.49968939876256385,0.062689671858849078,0.12328039791008039,60.877846656323499,7.8892205204671075,0.01391939957176069,0.14081324224073316,0.5,0.0,-1.0
37.0,7.1419022795097167,1.9956420593797095,1.465931900131797,1.5216193487474954,4.556855077078886,61.073668182992563,3.0903094663207509,49.68358998388328,0.49751481747679949,0.062633108917363248,0.1259564812228933,59.685149780394212,7.891274491710778,0.014831323778536623,0.13767049285980598,1.7853571071357126,0.0,-1.0
38.0,0,0.42580891430509782,0.79773533850739686,0.74634598870376168,5.5855129318146091,69.292764535315484,2.6863355768153196,67.525987205944105,0.49897494927100311,0.075460848788636459,0.09644693877984456,59.523356894583827,6.9672115232422795,0.012272312407855685,0.10272662143501653,0.0,0.0,0.0
38.0,0,0.48461455916766899,0.89341076863575597,0.82544709028759145,7.3580354842345832,91.804825224474243,6.4934363853922248,75.408102185524456,0.49953244986478224,0.070146223397899804,0.10778515522594717,58.185955074589316,6.7267242970375474,0.01261362725522659,0.098628589301869407,1.0,0.0,1.0
38.0,0,0.47917669200736129,0.99057081329411056,0.92692337176624506,6.939977371626922,81.173979087527073,4.0209869433577268,70.731319933680325,0.49995308468204547,0.076325425666856531,0.10508773203559263,61.302999289586502,6.3435936478667214,0.011910070054713263,0.10176790544917677,0.5,0.0,0.0
38.0,0,0.32828127427759624,0.81026472564207952,0.76406914143457072,3.7126542598109729,66.528154730916938,1.0990604552514485,60.121876218228586,0.49999253480646438,0.075744088652714106,0.092819326791519732,58.961167745053288,7.3942320836716631,0.011830309536355187,0.10702981563790422,0.0,0.0,0.0
38.0,0.23988323175508158,0.67670567443954666,1.131240018300572,1.0850408981878628,9.5255379102268645,142.43792952602516,5.9206727164068926,104.16481473795548,0.49998932023281778,0.074474231779097996,0.1124775581687531,55.260565157395945,6.4157030662565369,0.012405440812710038,0.09849990692399159,0.76376261582597338,0.372677996249965,1.0
38.0,0,0.47804036665557836,0.97207593788401092,0.90918650183823735,6.8167146117101725,85.222972917874444,4.2043784860810485,73.273875733726669,0.49997342898895436,0.076128064006106194,0.10570481923812335,62.001260951713789,6.2779837776608716,0.012169570391124073,0.10029433009768046,0.0,0.0,1.0
39.0,0,2.632265078681181,1.9741774345812679,2.1379868227659844,9.785538330160124,41.925679175948019,26.33127403731805,63.776754743764563,0.47739247926096468,0.09472368834513456,0.1312744291142095,66.738850317556995,12.291670476319707,0.017025649294699095,0.13134072197184732,0.4330127018922193,0.0,1.0
39.0,0,2.4232088638734202,3.5802650778619012,3.7344454618097656,9.2824851152334151,48.787674041665404,23.394912930358736,58.476267192651115,0.44040098156545932,0.090446851372127199,0.12178697935281982,65.315375335980988,11.266015618607957,0.016718157081735036,0.12987984409186698,0.76376261582597338,0.0,1.0
39.0,0,2.6811888312155747,2.0959307712255404,2.2126475779287134,8.6079671546134371,27.361045874934966,30.267893229106377,67.637669624238569,0.47424088935390502,0.10281208751717254,0.118391279019009,71.344852351539927,12.718015602132768,0.017980726732988811,0.13265495943323405,0.5,0.0,1.0
39.0,0,2.5683698015472771,3.4571879378332904,3.6029013915870634,9.7530447597746512,48.791314474989079,26.466283154060935,65.528617268506807,0.45115317537809174,0.093660128177422933,0.12335119348595637,69.151554105662072,11.252538390403714,0.016859283473368958,0.13012601060033829,0.5,0.0,1.0
39.0,0.40581515188568301,2.7053824064538916,3.4964451682963502,3.6289451586824146,9.8070972912914307,56.828527553734801,29.51748006871706,68.686522648987093,0.44406840037383211,0.099607164524257205,0.11513085609613716,70.030328600802179,10.568249213951018,0.016851338929830782,0.12391212988176481,0.77138921583986997,0.57495957457606883,1.0
39.0,0,2.5520023751064365,3.1682284756778851,3.2798320939898589,10.391670576505623,49.149007977047717,27.872077118988265,65.255401038258057,0.46116638106488267,0.097998751441584597,0.12349499706549573,73.063946609588328,11.354057387020214,0.017576519808546735,0.12700130036929508,0.68493488921877521,0.0,0.0
40.0,0,2.0159413925927332,2.42961167532096,2.2588698667236775,6.2885549617228014,59.390399045588993,7.4433690123834335,74.453025554739924,0.4348952933810461,0.10841709001996175,0.10975717279081286,30.750874787682971,7.4601184127362989,0.013865526447331604,0.065370609112781308,0.5,0.0,0.0
40.0,0.51858818310773169,2.0104301767994164,2.2834919130106202,2.1612845698687444,6.0373159412331825,58.321051028748258,6.464874899365376,75.954149917265127,0.4301950643879886,0.11073161834374053,0.11863072314268862,29.993757174092885,8.1872957181182784,0.014593562200494802,0.076532916507113316,0.82915619758884995,0.0,1.0
40.0,0,1.9889796418708841,2.4289243929112443,2.270227225993644,6.2867285193719669,58.159990451894963,7.5501669172453809,70.899301309294458,0.41814877109484982,0.10738362978848456,0.10764571225003088,30.555754530994367,7.285355587563572,0.013504825257397641,0.065684877764518187,0.8660254037844386,0.0,0.0
40.0,0,2.1097090699817524,1.6428567863844157,1.4194794633034071,6.3019557650499634,58.209232414557832,8.2835531063738408,71.45267398016982,0.4326849106680607,0.11195668751698629,0.10857143257410816,31.984530257629785,8.0681119933703158,0.014418937262361048,0.068353426273293799,0.8660254037844386,0.0,1.0
41.0,2.5524061821428337,0.74263641504653788,2.2007117380534518,2.3453742637465655,3.5857991515916723,43.676947390280532,14.375905768565216,83.007469543409158,0.45694973303819114,0.091779490556221102,0.098803743886174716,68.102657421338932,16.266372308804275,0.02572521186807827,0.08070768745798465,0.47140452079103168,0.0,0.0
41.0,2.1436541665099726,0.79183868724397199,2.5454980831839933,2.6701104102685669,3.3643453575304427,54.084247472649693,13.766619050329441,78.409901472844382,0.45544970394334278,0.098115364521337151,0.10313709101269587,66.105085650669054,15.389645160823015,0.025641818486201968,0.074418326018065223,2.0,0.0,0.0
41.0,2.4638407663915585,1.201584368263293,2.3510060588403263,2.4560440142151743,3.0992194646914859,49.119521668568922,14.027503829393984,66.052129635193694,0.4538824584788585,0.10386685847684914,0.099623552424196557,65.514469583923329,13.802412205462529,0.024833714439734408,0.070456565194089243,1.2555432644432805,0.4330127018922193,-1.0
41.0,0,0.74975341113915095,2.3473357678654732,2.4981502032243417,3.7416573867739413,43.85505226015465,15.107729689068458,89.103028207777797,0.47196940245417818,0.092760833261770495,0.10034932901714,73.514188648493203,17.228128488758621,0.027122608095259824,0.084498224162334809,0.0,0.0,0.0
42.0,0,0.89278445023890007,2.4175041928640728,2.3519123639086654,5.1743720431012745,87.615852707486269,30.168465554482705,99.60128933451962,0.28098288090718621,0.080279717801893496,0.072684123598676015,54.28013553020287,5.1853956216491985,0.01340966350678259,0.08482408590762304,1.5,0.0,1.0
42.0,0,0.78652402239676278,1.8837931809469506,1.7151884606586414,4.6996762145640556,92.232356881707361,27.502534682982546,115.00887612659163,0.20765776696040109,0.080502994058850724,0.061459614169263668,71.433595339897209,4.7166152113640516,0.011363211924179845,0.084375441528804648,0.0,0.0,0.0
42.0,0,0.9074492018499063,2.2770862056230308,2.2299331160322327,5.5638103813798789,77.273802641858921,27.63249370242286,88.588582908817202,0.38076898368738388,0.086263563181837075,0.082251125271679007,71.887976746784489,7.3889348232802146,0.013973259766217626,0.095950213613292132,0.5,0.0,0.0
42.0,0,0.91926129164348547,2.4556207895136506,2.3872533214071208,5.1184937648266535,91.538295726330702,30.892471765041766,103.99721948100158,0.28806959443995439,0.078593319600031367,0.072934456146044047,56.230704476237499,5.2903632754639327,0.013371562515308404,0.082156551409687875,0.0,0.0,0.0
42.0,0,0.962125384343687,2.3142731285268709,2.1872147397044355,4.3434216821836173,102.55087434499276,35.767972071211368,108.77575743899565,0.29162149711505009,0.079174984634947654,0.077431043988126294,62.653052531931785,5.229961067131585,0.011257897575800263,0.084507254169099169,1.5,0.0,0.0
42.0,0.16816646121532661,0.95741706167085561,2.2794320014660405,2.2431627245756878,8.002196287855158,85.500186179440519,28.81994382454382,90.045980183711166,0.37540144717008767,0.094575490532409962,0.085450298924674789,70.562642046357126,7.489214383807731,0.013604197024706277,0.096689706772334849,0.81649658092772603,0.0,1.0
42.0,0,0.95765350874031496,2.3133528354307553,2.1918610419339193,4.3252546161478218,102.10382633183413,35.593236479163082,108.29254815389228,0.2911993928021937,0.079071506546154788,0.077809860955469393,62.676154586877189,5.3385618645710418,0.011239760488386038,0.084450376970063967,0.48989794855663565,0.40000000000000008,1.0
42.0,0.16741068409142465,0.95933381106818139,2.2921292137886149,2.2541077814423973,7.9852936660987881,86.366936126938242,28.969929328408892,90.5742594997715,0.37991126271914039,0.094749694838174622,0.08602784171973514,70.770928014184619,7.5069727290947483,0.014137624094221998,0.09659793587353091,1.0,0.0,-1.0
42.0,0.15415548112026251,1.2889793497416306,2.3513122740612085,2.3294647530420574,7.827622469522737,88.114148749656223,31.196677085543875,93.332768663782758,0.37218200170113086,0.091262521341273398,0.085057681773741761,67.552714449011205,7.4229733127804085,0.014154548263829862,0.09482793944017702,2.3853720883753127,0.0,1.0
43.0,0.15688551360562444,0.92226330173199933,1.681178662294172,1.7533216200837729,4.5211106704801445,117.80278287687395,18.10941242526339,104.00165965530566,0.37189154884149084,0.078208152350645599,0.10912662337640801,40.037546782421259,6.9249065163425207,0.014722546458264962,0.066247018608231345,0.0,0.0,1.0
43.0,0.1061946902654867,0.85208241646242444,1.9729829518764375,2.0588670023421458,4.1083292825373805,107.76295301908029,15.740696974323912,83.852134469612295,0.44338058045724094,0.090153131311797821,0.10894673012223428,59.447833582275145,9.0773560963645714,0.016797393082688634,0.090542050905231833,0.5,0.0,0.0
43.0,0.1448522466129365,0.9244760678351821,1.6152077265788447,1.6628842413108611,4.3523110667664513,115.49473144176682,17.257185985000749,99.223737276219097,0.37508152511645515,0.077514631068142034,0.10833220220794845,42.346356060323366,7.1059999550377233,0.015272616088715177,0.065971020944957631,3.5,0.0,0.0
43.0,0.10690342188879882,0.84286008080731956,1.9682004476656791,2.044409950200035,4.1272828073837768,107.90285112375702,15.804664193867479,84.236799018465021,0.44298813711416979,0.08922236748488209,0.10875150228585281,59.456141913880721,9.1255913013938343,0.016889944019296839,0.088765512174209291,0.0,0.0,0.0
43.0,0.14605419147832219,0.93109842616067684,1.6046152617201683,1.6585365853658538,4.332912824909716,115.51517796165437,17.328828597934745,99.542931509929062,0.37788102513346994,0.078102469840667738,0.10714574109325029,42.454225342527842,7.1630279566008044,0.015323605755540556,0.066072529901043134,0.5,0.0,-1.0
43.0,1.4398092383054437,0.94219509895358344,2.0776769849935688,2.1488904274808833,4.0259864215700807,105.54771111787419,14.536973550227019,79.889360715651961,0.42889509206797877,0.089195901646933168,0.10700255907413031,55.010726508563764,8.7605139334630362,0.017169917180013594,0.087372585252910487,1.1180339887498949,0.0,1.0
44.0,26.992658313936143,2.0899554617741374,1.4410609246528583,1.5699046643273744,7.2868424274412762,68.967472185826097,24.662355857100764,66.928634954485275,0.49313526750227549,0.089213961892967528,0.088471068073648462,64.230182830639436,11.298014211911958,0.020803099685099514,0.063291963765278292,0.5,0.0,-1.0
44.0,20.915280806403153,2.9447602064598244,1.4742889628184213,1.5505439507649654,9.6780288204944593,75.383438926861459,27.64047906583713,62.381655518653353,0.4975437720049059,0.087009893344250175,0.093013383123527943,63.192324452798445,13.005877415314522,0.020003018694154672,0.1020442150344628,0.91651513899116788,0.40000000000000008,-1.0
44.0,27.102636483151116,2.0899554617741374,1.4410609246528583,1.5699046643273744,7.2569981905598109,69.726214532697,24.93082239347811,67.667027601068781,0.49416091644106014,0.089893462631063306,0.088170517947655944,65.358253264918801,11.375658139721589,0.020377581679502297,0.064014164921144742,0.4330127018922193,0.5,-1.0
44.0,18.44032441115904,2.7670337875430722,1.582279252128042,1.6049074686580984,9.382941640789717,71.281766381197031,26.498342854003678,60.126242517263712,0.49506030623511749,0.086912198606317756,0.08995797647440533,63.033063271052946,12.866996289658184,0.020031077990642486,0.099644724047719888,0.90000000000000002,0.30000000000000004,-1.0
45.0,4.2635392645018513,1.6919191473152431,2.5447991334973348,2.4481771751143682,7.3404085187557664,95.317224382001854,9.4224871392265044,81.383638387714171,0.49740566653006679,0.16121160433804374,0.12975254960488602,24.453687019230571,14.745586451359566,0.019100241148394547,0.081003118781720618,0.79999999999999993,0.0,1.0
45.0,4.0643217511263243,1.6022404673567128,2.3302479270803031,2.2212985489950046,6.9420552599851133,88.461174862775209,8.684838494041788,75.999497692974828,0.49893973926231461,0.15646106704120635,0.13626512494059956,26.131463524462401,14.818162455098594,0.018305010637159922,0.087537891714784211,0.82915619758884995,0.5,0.0
45.0,3.0508466277045034,1.4531787209637113,1.9224470003450815,1.8428708146547255,6.3858726105856718,75.117968128820351,7.5299320410751305,64.832601686393943,0.48873103512193494,0.14134397865337464,0.12960016936898569,24.12368335817381,14.3379313383653,0.018092824596009017,0.095201533936825553,0.33071891388307384,0.0,0.0
45.0,3.1641219116662866,1.4765458394745445,1.9751877492972378,1.8947563812840835,6.5148567169152569,76.986766440402576,7.6866250729835164,66.490096776271486,0.49337145649049324,0.143398982255557,0.1339889184938019,24.810965389635935,14.403650155767705,0.018306984228040141,0.097439612776315687,1.0532687216470449,0.0,0.0
45.0,4.311800308191752,1.6712857802069894,2.458768357965921,2.3401546382960561,7.1459409372934717,92.903621609134703,9.0366302276377475,78.000018993350011,0.49536419690061795,0.15558531517472149,0.12423785024023264,24.828174556225154,14.231131953718348,0.018914173493693648,0.078727452549229388,0.4330127018922193,0.0,1.0
46.0,31.602746869439645,0.56612673467045949,0.61881697075002839,0.75651867093926306,2.7667389270868039,42.247499465325333,0.68662456058404431,44.997702747975431,0.48149106782285672,0.064837288121625314,0.13613293767376905,25.17083258166965,6.8603697756793567,0.01873162696851963,0.10419930532096548,0.0,0.0,0.0
46.0,19.036958796700006,2.1206324033875403,1.9096812291137757,1.989604274438185,5.4853433662592135,94.690301224213826,5.9167726034879644,73.35016811594673,0.4998688143396221,0.08464550324933566,0.08791067783017098,25.225039827762622,7.9336999411623124,0.015697358296591801,0.12697363716898888,1.3483997249264841,0.0,1.0
46.0,23.886794233705299,0.95575037337880842,1.3169447898189195,1.4307923547547319,5.1067233369792167,99.917042579702965,5.4744893601749007,80.377529996597431,0.49950277520248793,0.080757705875396463,0.095889835891851377,26.592021997207272,7.948646805754457,0.016330822155266558,0.11668802001628742,1.0671873729054748,0.0,1.0
47.0,0,3.3988634314475918,5.1563963144193359,5.022217747083352,7.9838326635770622,76.059913226350716,7.663399767727114,101.73308889442018,0.49973215966651441,0.085957673625960643,0.11823456977980963,57.575523459651606,8.9826679601859514,0.011847240754239367,0.145348738059288,0.99215674164922152,0.0,0.0
47.0,0,3.3895841728103897,4.5318704106015684,4.447885954608565,15.923694395769989,186.49861077495365,14.451655251429603,184.64186052721257,0.499066031477574,0.082510229504904095,0.11292167012406983,59.533363217675614,9.1998291903486589,0.011499732737035515,0.14636844465525814,0.70710678118654757,0.0,-1.0
47.0,0,3.6517724802701896,5.1958279909911083,5.1586041397005129,6.8548299908140544,66.717850417590256,5.7130456098375211,67.76924922809458,0.49684567078542247,0.076777797134243431,0.11228258104816012,57.924944991250527,9.2921110464390768,0.011447512102279333,0.14294293328510396,0.8660254037844386,0.4330127018922193,-1.0
47.0,0,3.4870793254846126,3.953725388092153,3.5144927017447745,8.1219381791390646,48.669205145126838,6.132213859293226,53.462306447369869,0.49113230142192849,0.068201750563559704,0.12684167428611182,64.272638919802233,10.066370072327523,0.010785616535876433,0.1539880523083334,0.5,0.0,0.0
48.0,16.204323881506053,2.9711341956068731,1.7141659931007598,1.7437481009154865,14.392836389587462,103.22923109252523,31.877798059545668,98.383192310780757,0.49259827570190468,0.056882603737358171,0.085460716630772426,54.832453405155704,11.565494096277098,0.014881273508074682,0.14719076869058859,0.94280904158206336,0.0,-1.0
48.0,28.029508862793353,4.719576136969601,2.2280432923580418,2.2250191137152773,8.8795513509568718,94.376816603660203,21.127099013050334,90.881432055317674,0.47741739462317795,0.086586736984625393,0.067273092743868806,53.173548024586367,9.7874120659228048,0.016347111883901189,0.11884320655626437,0.88139633771205972,0.0,0.0
48.0,28.427100746596917,4.4348598315327452,2.1444878810499026,2.1435703500796031,8.1610320710919293,90.114031903630362,19.524107430013821,86.967430585692156,0.47710153414023243,0.0908851552962604,0.06521000363889734,52.22108339975442,9.6537729303524493,0.016533410666575682,0.11540740178966517,1.0497813183356479,0.0,1.0
48.0,28.433156373271334,4.9018011302976836,2.314382300333885,2.3119400222900826,9.0852994995870588,96.04112193957053,22.16245443206477,92.807699894065962,0.47897180361462305,0.086555216287318285,0.068739023905353164,52.454398009226992,10.083244619467994,0.016682960901655476,0.12112530608179628,2.1921577396609844,0.0,0.0
